species,var_sp[1]_mean,var_sp[1]_2.5%,var_sp[1]_97.5%,var_sp[2]_mean,var_sp[2]_2.5%,var_sp[2]_97.5%,var_sp[3]_mean,var_sp[3]_2.5%,var_sp[3]_97.5%,sigma_mean,sigma_2.5%,sigma_97.5%,indiv_std_mean,indiv_std_2.5%,indiv_std_97.5%,log_density_mean,log_density_2.5%,log_density_97.5%
Acromyrmex_echinatior,297.0539711845192,295.93664115880927,298.1222712153117,-3.3916143620795074,-3.7131320539903094,-2.9921546731473283,1.539664461103009,1.186766730211548,1.8461258397045426,0.05563049278357872,0.05037585940749076,0.061483608972475824,0.40301884119458337,0.3127766103611499,0.5211045540250021,431.6332053205446,410.74989180074965,451.95385259659315
Apterostigma_dentigerum,295.3914366807998,294.2860655793446,296.6393149867313,-2.471904367256967,-2.7593555440496917,-2.187008654258315,1.2873286563131903,1.0228175548274436,1.6340636498252323,0.07750092084294574,0.07022208298556078,0.08591192524634284,0.2417087038963578,0.16192694600014715,0.33864779472382156,362.272312262589,339.09442792970253,383.70688478560885
Atta_colombica,297.23110055881403,295.56162413807624,299.08368777815406,-2.9554492258566833,-3.6021025940306552,-2.1717331541640976,1.5682153537929626,1.30411630887892,1.880852849372609,0.06298070229011443,0.05704205546635063,0.07012603304387549,0.15143671691819283,0.1063626093513216,0.2113722780017909,448.61335478817114,424.80772157514235,469.1680635969229
Cyphomyrmex_costatus,299.87249459222676,299.1514503949049,300.606527501386,-2.341120381973141,-2.9361353871214444,-1.7580266018602364,1.713656951418072,1.5288771678525062,1.9106339941032469,0.09780216669583519,0.08815854950289548,0.10854515892544879,0.08626872568991217,0.04554101427867045,0.13556627903688884,345.35134555866625,318.9152354462033,372.0191576334845
Mycocepurus_smithii,299.80081066587053,298.835990757528,300.8689760563818,-3.3694858916478103,-4.150719529138405,-2.6554392611615167,1.5265989850965274,1.2914706986592002,1.8557189990527487,0.041679563223394805,0.037612099797640214,0.04602686408828937,0.25495093708306354,0.1807413236897038,0.3535842272137937,553.4820931085316,529.5042714820705,574.0671145408975
Paratrachymyrmex_cornetzi,296.15229308265964,295.55681772424015,296.71902175490595,-2.9120100927241315,-3.34896926363208,-2.434662643583472,0.9018014421343347,0.5848330538698583,1.2796167298155394,0.036954693520903775,0.03356512221515602,0.04072277860230017,0.3825040096989847,0.25383377028016985,0.5713136161289532,567.1885647555534,538.451539864385,591.3384214219486
